{
    "foods": [{
            "_id": 1,
            "label": "Cheese burger",
            "customizable": true,
            "options": [
                { "label": "Extra onion", "default": false },
                { "label": "Extra cheese", "default": false }
            ],
            "img": "/imgs/cheeseburger.jpg",
            "price": 40
        },
        {
            "_id": 2,
            "label": "Vegan burger",
            "customizable": true,
            "options": [
                { "label": "Extra onion", "default": false },
                { "label": "Extra truffle", "default": false }
            ],
            "img": "/imgs/veggieburger.jpg",
            "price": 40

        },
        {
            "_id": 3,
            "label": "Pommes frités",
            "customizable": true,
            "options": [
                { "label": "No mayo", "default": false }
            ],
            "img": "/imgs/pommes.jpg",
            "price": 40
        },
        {
            "_id": 4,
            "label": "Nachos",
            "customizable": true,
            "options": [
                { "label": "Extra cheese", "default": false }
            ],
            "img": "/imgs/nachos.jpg",
            "price": 40

        },
        {
            "_id": 5,
            "label": "Pizza",
            "customizable": true,
            "options": [
                { "label": "No olives", "default": false }
            ],
            "img": "/imgs/pizza.jpg",
            "price": 40
        }
    ],
    "drinks": [{
            "_id": 1,
            "label": "Soda",
            "img": "/imgs/soda.jpg",
            "price": 40

        },
        {
            "_id": 2,
            "label": "Beer",
            "img": "/imgs/beer.jpg",
            "price": 40

        },
        {
            "_id": 3,
            "label": "Cider",
            "img": "/imgs/cider.jpg",
            "price": 30

        },
        {
            "_id": 4,
            "label": "Shot",
            "img": "/imgs/shot.jpg",
            "price": 45

        },
        {
            "_id": 5,
            "label": "Wine",
            "img": "/imgs/wine.jpg",
            "price": 40

        }
    ]
}
